編號,標題,網址
1,台北溫泉季賞玩攻略！免費專車、步行導覽只有2天　大眾湯買1送1,https://travel.ettoday.net/article/2368174.htm?from=travel_Tag_list_PC
2,關渡秘境花海回來了！如1.5萬坪糖果灑一地　乾燥花DIY免費體驗,https://travel.ettoday.net/article/2367195.htm?from=travel_Tag_list_PC
3,朝聖超火「藍寶石泉」！現飲極品冰涼山泉水　窺探寶石般透亮瀑布,https://travel.ettoday.net/article/2363093.htm?from=travel_Tag_list_PC
4,訂房網限時3天優惠！機票最高折1000　入住日式高空浴場飯店1111元,https://travel.ettoday.net/article/2366458.htm?from=travel_Tag_list_PC
5,「屏東觀光圈」必買伴手禮快閃松菸！蛋糕1分鐘賣1條、蛋捲紅到歐洲,https://travel.ettoday.net/article/2363790.htm?from=travel_Tag_list_PC
6,北部「4大萬聖慶典」一次看！50元闖駭人鬼屋、扮裝踩街在天母,https://travel.ettoday.net/article/2364805.htm?from=travel_Tag_list_PC
7,酒鬼看過來！大稻埕「搞怪啤酒節」剩一天　聽音樂、逛29文創攤位,https://travel.ettoday.net/article/2364519.htm?from=travel_Tag_list_PC
8,挖寶去！北市Outdoor咖衝南港逛市集　加碼「惡靈餓餓城」萬聖舞會,https://travel.ettoday.net/article/2364091.htm?from=travel_Tag_list_PC
9,敲碗成真！「台北哥吉拉飯店」50公尺壁畫新完工　網：貼膜了？,https://travel.ettoday.net/article/2363899.htm?from=travel_Tag_list_PC
10,席夢思一夜好眠！開箱台北藝廊式飯店　夜遊浪漫書店喝咖啡耍Chill,https://travel.ettoday.net/article/2362156.htm?from=travel_Tag_list_PC
11,「皮卡丘彩繪列車」今啟航！北捷紅線限定　打卡攻略一起看,https://travel.ettoday.net/article/2363449.htm?from=travel_Tag_list_PC
12,「飛翔皮卡丘」明登場！來找帕奇利茲　爆炸頭皮卡丘跳舞免費看,https://travel.ettoday.net/article/2362474.htm?from=travel_Tag_list_PC
13,捷絲旅住宿券下殺2折！全台8館都能用　住泳池飯店每人1150起含早,https://travel.ettoday.net/article/2362292.htm?from=travel_Tag_list_PC
14,北投溫泉季10／27開跑！泡湯買1送1「野營體驗、星空影院」都免費,https://travel.ettoday.net/article/2361089.htm?from=travel_Tag_list_PC
15,圓山「菁英環景套房」一生必去一次！無敵視野俯瞰大台北＋密道行程,https://travel.ettoday.net/article/2355854.htm?from=travel_Tag_list_PC
16,秋日落下一場「黃金雨」！北市7路段都有台灣欒樹　最美地點在這,https://travel.ettoday.net/article/2354921.htm?from=travel_Tag_list_PC
17,把握秋季限定美景！滿山谷紅楓葉超壯麗　金瓜石夢幻芒草雪景來襲,https://travel.ettoday.net/article/2357514.htm?from=travel_Tag_list_PC
18,北市新亮點！「蒂芬尼拱門、4米藝術牆」超好拍　繡學號工廠2.0版,https://travel.ettoday.net/article/2356031.htm?from=travel_Tag_list_PC
