編號,標題,內文,相關資料,seg
1,,"事隔數月，戴蒙的立場依舊沒變，但他找了個新的方式詮釋加密貨幣。 戴蒙：加密貨幣是寵物石！ 加密貨幣完全是餘興節目…你們在上面花了太多時間，加密貨幣就像寵物石，人們正在炒作這些東西。 「寵物石」是 1970 年代，美國商人 Gary Dahl 想出的一個瘋狂點子，他把從墨西哥運來的廉價石頭裝進紙做的籠子裡出售，稱之是完美的寵物，沒想到竟熱銷賣出數百萬顆。 當時不少人認為寵物石商品很幽默，有些人則認為帶著寵物石很療癒；但當時市場的確湧出許多仿冒品，炒作長達數年的寵物石熱潮。 戴蒙甚至認為加密貨幣助長了犯罪「恐怖主義的資金、逃稅、性販賣與運輸…我們為什麼允許這些事情發生？」他甚至不想成為反對加密貨幣的頭號人物： 我不想成為反對比特幣的代言人，我他X的不在乎加密貨幣，這就是重點，好嗎？ 戴蒙毫不遮掩他對加密貨幣的厭惡，但他仍相信區塊鏈技術的好處，同時他也提到 Web3 在未來的價值： （我討厭加密貨幣）並不意味區塊鏈不是真的，也不代表智能合約不是真的，Web3 也是。 暗示比特幣可能被操縱價格 戴蒙在訪問中暗示，比特幣等加密貨幣沒有真正的市場價值，很有可能「被以某種方式操縱」： 我們（銀行們）甚至不確定這是個真正的市場。 對照近日缺乏強勁動能的加密貨幣市場，比特幣現價在過去 24 小時內幾無漲跌，保持約 17,000 美元，在過去 7 天微幅上漲了 3.8%。",渣打銀行高管：比特幣2023或暴跌70%至5000美元！ 新興市場教父 : 比特幣將跌至1萬鎂！鏈上利息被FTX爆光了，人們轉投美債,"['加密貨幣', '寵物石', '比特幣', '寵物', '區塊鏈', 'Web3', '價值', '暗示', '炒作', '美國', 'Gary', 'Dahl', '進紙', '籠子', '熱銷', '賣出', '數百萬顆', '人則', '很療', '確湧', '出許', '仿冒品', '達數', '石熱潮', '助長', '主義的', '資金', '逃稅', '性販', '運輸', '允許', '頭號', '重點', '厭惡', '技術', '未來', '討厭', '智能合約', '價格', '銀行們', '強勁動', '現價', '24', '幾無漲', '17', '000', '上漲', '3.8%', '墨西哥', '完美', '提到', '想到', '商品', '美元', '代表', '事情', '正在']"
2,,另一位用戶向 ChatGPT 發出創建交易終端的指令，ChatGPT 編寫的代碼，可串接全球最大加密貨幣交易所幣安的 API ，顯示幣安上 BTC/USDT 交易對的當前掛單。 ChatGPT 還可創建一個典型的智能合約，與此同時，其他用戶發現，ChatGPT 能檢測並協助修補或利用智能合約中的漏洞，然而，ChatGPT 所生成的代碼並不總是正確的。 另外，ChatGPT 還可提供創造性思維，當一位用戶問到，區塊鏈產業需要做什麼才能「對社會產生積極影響」時，ChatGPT 給出了五個部分的回答，推特用戶  Goose Wayne 笑稱，這個聊天機器人「現在可以幫你寫加密貨幣投資論文了」。 Multicoin Capital 共同創辦人 Kyle Samani 要求 ChatGPT 寫一篇關於未來加密貨幣支付將如何成長的博客文章，結果 ChatGPT 用一篇多段落文章作為回應，ChatGPT 還針對門羅幣如何改善比特幣技術寫出長篇大論。 另外，一些推特用戶已開始使用 ChatGPT 來創作音樂，Web3 創業者 Jay Azhang 就分享了一個由 ChatGPT 編寫的「關於在加密貨幣上虧錢」的歌曲。 推特上還有許多加密貨幣社群使用 ChatGPT 的例子，包括如何選擇一個好的加密貨幣項目，如何基於 NFT 社群培養推特追蹤用戶，ChatGPT 甚至還可扮演加密貨幣對沖基金，寫一篇警告用戶因 FTX 崩潰而流動性不足的警告信。,比特幣後人類最重大的發明？「GPT-3」OpenAI 自然語言處理模型問世！ 馬斯克復盤「SBF屁話」：他打來只顧講 FTX 與自己，都不談推特收購很怪 馬斯克向庫克宣戰！控蘋果威脅下架推特、不滿App Store抽成30%,"['ChatGPT', '用戶', '加密貨幣', '推特', '創建', '編寫', '代碼', '幣安', '智能合約', '串接', '終端', 'API', 'BTC', 'USDT', '能檢測', '並協助', '並不總是', '正確', '創造性', '思維', '區塊鏈', '社會產生', '影響', 'Goose', 'Wayne', '機器', '投資', 'Multicoin', 'Capital', '創辦', 'Kyle', 'Samani', '關於未來', '成長', '結果', '還針', '門羅幣', '比特幣', '技術', '出長', '大論', '創作', '音樂', 'Web3', '創業者', 'Jay', 'Azhang', '關於在', '上虧', '還有', '選擇', 'NFT', '培養', '對沖', 'FTX', '崩潰', '流動性', '一位', '交易', '段落', '漏洞', '博客', '聊天', '歌曲', '指令', '扮演', '例子', '生成', '典型', '支付', '改善', '不足', '回答', '共同', '然而', '才能', '利用', '全球', '提供', '要求', '部分', '一些', '基金']"
3,,首批比特幣消耗電力 他起頭向讀者簡單介紹了比特幣（BTC）的挖礦原理，稱比特幣的發明人一再強調比特幣是去中心化的，但有了交易所之後就變成中心化的： 華爾街可插手炒作比特幣，比特幣的價格時高時低，和股票有同樣性質。 文中他寫到，比特幣是無中生有的，能使很多人變成富翁，但這些人並沒有對別人帶來好處，要得到比特幣須耗損大量電力，而電力相當珍貴，消耗電力致富是對人類有害的。 對 FTX 提出三個問題 李家同稱， FTX 其實是個老鼠會，之所以大發利市，與發行 FTT 應該是有關的，並在 SBF 挪用資金到另一間公司（Alameda Research）被揭發時，無法承受投資人擠兌只好宣布倒閉；他稱加密貨幣的價格因此大受打擊，可見加密貨幣的價值完全是被炒作出來的，本身並沒有什麼價值。 他因此對 FTX 想提出三個問題： 對加密貨幣不滿，只能讓黑道洗錢 FTX 的倒閉後，李家同認為唯一好處是使得大家往後不會過度崇拜新科技，因爲他相信很多在 FTX 投資的人，並不太理解加密貨幣是怎麼回事，但又對新科技盲從。他稱自己對加密貨幣極為不滿，並提出五點理由： 目前在李家同的臉書貼文下方，累積了不少網友正反意見；李家同教授稱自己拋磚引玉，提出個人想法並希望對加密貨幣有更多了解的人參與討論，以下為他的臉書貼文：,市場評論｜從政治經濟角度，觀看加密貨幣市場 Istari Venture投書》市場評論：現下是20年來最糟糕市場情況！但加密貨幣採用將在熊市下增長,"['比特幣', '加密貨幣', 'FTX', '電力', '李家', '中心化', '變成', '三個', '投資', '倒閉', '他稱', '價值', '不滿', '臉書', '貼文', '消耗', '炒作', '起頭', '讀者', '介紹', 'BTC', '挖礦', '之後就', '華爾街', '價格時', '高時', '同樣', '性質', '無中生有', '人並', '對別', '耗損', '相當', '珍貴', '人類', '同稱', '大發', '發行', 'FTT', '應該', '有關', '並在', 'SBF', '資金到', '一間', 'Alameda', 'Research', '揭發時', '無法', '擠兌', '價格', '打擊', '可見', '出來', '並沒有', '洗錢', '同認', '好處', '往後不會', '過度', '並不太', '怎麼', '盲從', '極為', '五點', '累積', '網友', '意見', '拋磚', '引玉', '討論', '利市', '科技', '正反', '黑道', '很多', '大受', '富翁', '明人', '插手', '文中', '致富', '回事', '有害', '崇拜', '老鼠', '下方', '一再', '承受', '自己', '首批', '想法', '之所以', '原理', '理由', '理解', '唯一', '教授', '只好', '本身', '使得', '宣布', '只能', '希望', '以下', '了解', '大量', '大家', '股票', '得到', '目前']"
4,,信中寫道：另張聽證會傳票也在檯面上,SBF 辯「從沒出金領過錢」：FTX 一直有財務風控，新CEO不熟悉公司運作 FT爆背後真相：Alameda去年因做 FTX 用戶對手盤，承擔「10億美元損失」！,"['另張', '聽證會', '信中', '面上']"
5,,目前 FTX 面臨 80 億美金的資金缺口，但據金融時報 SBF 的風險投資基金的投資變現或只能換回 10 至 20 億美金，也就是說投資人最多只能收回三分之一甚至更少的資金。 曾在牛市中斬獲高額融資和海量用戶下的 FTX 和 Alameda，如何使用高達 52 億美元的資金開啟「買買買」模式？這份投資清單又透露出怎樣的內幕？ 從這份清單來看，FTX/Alameda 的整個投資版圖除了通過 FTX Trading Ltd.、Alameda Research LLC、Alameda Ventures Ltd. 等實體實現外，還藉著 Clifton Bay Investments LLC、Cottonwood Grove Limited、Maclaurin Investments Ltd、Goodman Investments Ltd、Island Bay Ventures Inc、West Realm Shires Inc 和 Genesis Block 等相關子公司的名義進行。 在眾多項目中，Top5 的投資分別是 Genesis Digital Assets（5.5 億美元）、Anthropic（4.99 億美元）、Digital Assets DA AG（3.2 億美元）、K5（3.2 億美元）和 IEX（2.7 億美元），佔總金額的超三分之一。而股權、基金、Token 和收購是 SBF 重倉押注的方向，高達 49.4 億美元的金額佔總投資額度的約 93.7%。 股權 股權投資是最大支出項，金額超 27.9 億美元，數量為 194 個。其中，Genesis Digital 是 Alameda 重倉的風投項目，其於 2021 年 8 月至 2022 年 4 月期間通過 4 次投資共計向 Genesis Digital 投資了 11.5 億美元。 根據此前彭博社披露，Alameda 分別是 2021 年 8 月投資的約 1 億美元、2022 年 1 月投資的 5.5 億美元、2022 年 2 月投資 2.5 億美元以及 2022 年 4 月進行的 2.5 億美元投資。 Digital Assets 的前身是 Genesis Mining，是全球最大的比特幣挖礦公司之一，曾與撫州創世紀涉及 50 萬張顯卡的官司。儘管牛市期間礦企賺的盆滿缽滿，但隨著市場表現疲軟、網絡難度增加以及能源成本飆升，這些企業的收入大幅縮減。 人工智慧安全和研究公司 Anthropic 也是獲得 Alameda 最大手筆投資的公司之一，這是家由近期大火的 OpenAI 前核心員工組成的 AI 創業公司，獲得 Clifton Bay Investments LLC（SBF 持股佔比約 67%）近 5 億美元投資。 位於韓國的移動金融服務平台 Pionic 和前 Facebook 旗下加密核心成員創辦的 Web3 基礎設施 Mysten Labs （Sui）則也分別獲得了近億美元的投資。上述四家獲得的投資資金佔此類總金額超 66.7%。 基金 SBF 旗下公司是眾多頂級基金的 LP，共投入資金超 11.3 億美元，包含 K5、Modulo Capital、紅杉（包含紅杉基金和 Heritage 基金）、Liquid Value Fund I（Sino Global Capital 旗下）、SkyBridge Capital（天橋資本）、Paradigm 和 Multicoin 等 41 家來自傳統和加密領域的基金。 其中，K5 Ventures 是總部位於矽谷的一家專注早期投資的風險投資機構，SBF 可間接獲得由 Elon Musk 創立的 SpaceX 和 Boring Company 股份。 紅杉則獲得 2 億美元的投資，而其旗下有兩支基金對 FTX.com 及 FTX US 進行投資，因 FTX 倒台損失了 1.5 億美元，並聲稱要改進盡調程序。紅杉資本合夥人 Michelle Bailhe 曾對 SBF 讚賞有加，後者也曾在破產前通過電話向包括紅杉在內的投資機構尋求 70 億美元融資。 Token FTX/Alameda 投資的 Token 數量為 176 個，投資金額為 3.8 億，僅佔全部資金的 7.2%。所有項目的平均投資金額為 216 萬美元，且大部分均在百萬美元以下，5 萬至 10 萬美元居多。 而在所有細分賽道中，FTX/Alameda 最愛投 Layer1、DeFi、NFT 和遊戲領域。其中，前五大項目分別為 NEAR（8000 萬美元）、HOLE（6750 萬美元）、Polygon（5000 萬美元）、Port Finance（3340 萬美元）和 Mina（2000 萬美元）。有意思的是，按表上數據，FTX 對外界認為的「親兒子」Solana 的投資僅不到 170 萬美元，這可能是因為 FTX 是從二級市場上對 Solana 進行大量增持，而非直接的一級投資。 收購 FTX/Alameda 收購或股權收購的公司有 6 家，金額近 6.4 億美元，佔總資金的 12.1%。其中，來自瑞士的金融工具代幣化公司 Digital Assets DA AG 的獲得 3.2 億美元，美國證券平台 IEX 為 2.7 億美元。其中，Digital Assets 在 FTX 停止提款併申請破產保護後，其約有 1200 萬美元滯留在 FTX 上，這一數字約佔其管理的 2 億美元資產的 6%，但這筆資金的約三分之一已投保。 另外，IEX 曾考慮與 SBF 合資建立一個明確符合美國證券交易委員會（SEC）標準的新加密交易平台，並向 SEC 主席 Gary Gensler 及 SEC 高級官員提供了他們想法的大致輪廓，還質疑現有的 SEC 規則是否適用於他們的新企業。不過，Gensler 對該提議不溫不火，沒有明確排除這種可能性，也沒有表示會給這筆交易開綠燈。 除了加密領域的相關投資外，FTX/Alameda 還在倒閉前的幾個月裡進行了不少讓人 「看不懂」 的非正統投資，包括軍用無人機 Brinc Drones（4000 萬美元）、美國農業科技公司 80 Acres（2500 萬美元）、生育新創診所 Ivy Natal（150 萬美元）、化學公司 Fern Labs Inc.（100 萬美元）、法律服務聊天機器人 DoNotPay（75 萬美元）、減肥藥公司 Equator Therapeutics（50 萬美元）和線上創業平台 Owner（25 萬美元）等。 此外，Alameda 似乎也對媒體公司特別感興趣，購買了中國區塊鏈媒體星球日報（500 萬美元）25% 的股份，區塊律動（356 萬美元）30% 的股份，以及位於紐約的 Web3 媒體公司 Trustless Media 投資了 120 萬美元。 對於媒體投資，SBF 曾解釋稱，媒體很重要，他想要支持好的媒體企業，對這些都沒有治理，也並不是在尋找對他們的管理。他希望支持記者做一些偉大的工作，因為他們所做的真的很重要，大家需要有批判的眼光看待故事，有真正的調查性新聞對這個世界來說是健康的。 自暴雷以來，SBF 在資金和管理上問題一直閃爍其詞，聲稱並沒有混合資金，子公司都是獨立業務並獨立管理，且他還否認挪用客戶資金。而這份投資清單讓這個白人小子被「打臉」，所謂的「不知情」、「沒詐騙」 只是他推卸責任的一個說辭罷了。 （本文由作者 PANews 授權，屬作者之觀點不代表動區立場。文章內容與觀點亦不是投資建議。）,SBF 不斷發聲，為什麼他還沒坐牢？ 精華整理》SBF對談紐時作家 : Alameda與FTX資金為何會混合？對刑責擔心嗎？ CZ駁5個FTX誤解》我不是產業救世主、SBF是騙子壞人、不是我害死FTX的,"['投資', '美元', 'FTX', 'Alameda', '資金', 'SBF', 'Digital', '媒體', 'Genesis', 'Assets', '金額', 'Ltd', 'Investments', '分別', '股權', '收購', '2022', 'SEC', '他們', '加密', '這份', '通過', 'LLC', 'Ventures', 'Bay', 'Inc', '3.2', 'K5', 'IEX', 'Token', '企業', 'Capital', '紅杉', '領域', '美國', '基金', '旗下', '80', '風險', '10', '融資', '高達', '清單', 'Clifton', '相關', '5.5', 'Anthropic', 'DA', 'AG', '2.7', '總金額', '重倉', '數量', '2021', '期間', '2.5', '50', '創業', '服務', 'Web3', 'Labs', '機構', 'Solana', '證券', '這筆', 'Gensler', '觀點', '三分之一', '美金', '平台', '牛市', '股份', '子公司', '包含', '面臨', '但據', '時報', '變現', '換回', '20', '獲高額', '用戶', '52', '開啟', '怎樣', '內幕', '單來', '整個', '版圖', 'Trading', 'Research', '實現', '還藉', 'Cottonwood', 'Grove', 'Limited', 'Maclaurin', 'Goodman', 'Island', 'West', 'Realm', 'Shires', 'Block', '名義進行', '眾多項', 'Top5', '4.99', '49.4', '額度', '93.7%', '27.9', '194', '投項', '共計', '11.5', 'Mining', '比特幣', '挖礦', '撫州', '創世紀', '萬張', '顯卡', '礦企', '盆滿', '隨著', '表現', '疲軟', '網絡', '難度', '飆升', '縮減', '人工智慧', '手筆', 'OpenAI', '員工', '組成', 'AI', '比約', '67%', '韓國', '移動', 'Pionic', 'Facebook', '成員', '創辦', '基礎', '設施', 'Mysten', 'Sui', '此類']"
6,,加密貨幣市場的最新事件（指 FTX 崩潰），提供了我們一個機會，因為這將推動機構投資者轉向由傳統金融機構支持的數位資產公司，我們已進行所有壓力測試，針對市場交易量、價格波動等設想更糟的情境，我們相信，我們可以在兩年內實現盈利。 儘管近期加密貨幣市場持續低迷，但 Jez Mohideen 認為，不能根據市場價格來評估加密貨幣這一資產類別，需要對加密貨幣有信心、對加密貨幣進行投資，並以 5 到 10 年的眼光來看待它。 Jez Mohideen 表示，野村已對 Laser Digital 做出顯著、多年期的資金承諾，野村非常重視數位資產業務，這個實體的意圖和願景，是成為野村集團的重要收入驅動力。 Laser Digital 將在交易、資產管理、風投基金等 3 個垂直領域開展業務，交易將成為該公司創造收入的核心引擎， Laser Digital Ventures 將投資開發加密貨幣機構產品和服務的早期新創企業與企業家，該基金的目標是，每年在全球投資 15 至 20 筆種子輪或 A 輪投資。 強化風險管理 過去 1 年以來，三箭資本、Celsius、BlockFi、Voyager 等公司相繼破產，其他多家公司也面臨信貸緊縮，Jez Mohideen 透露，Laser Digital 的風險管理為此增加了「額外過濾」，以評估交易對手的曝險，而由於法規明確且穩定，該公司正為其在瑞士、杜拜的交易及資產管理業務申請牌照，後續也打算在美國、日本開展業務。,日本銀行業巨頭》野村控股投資英國區塊鏈支付公司 Fnality 通訊巨頭 Line 與日本最大投行野村控股 Nomura 共組區塊鏈聯盟，並完成子公司 LVC 的注資 由波音公司、IBM、日本野村控股集團支持的「Hedera Hashgraph」正式上線，但功能尚未完全,"['加密貨幣', '投資', 'Laser', 'Digital', '機構', '資產', 'Jez', 'Mohideen', '業務', '野村', '評估', '開展', '風險', '交易', 'FTX', '崩潰', '機會', '這將', '推動', '轉向', '傳統', '數位', '壓力', '針對', '價格', '波動', '設想', '兩年', '實現', '持續', '價格來', '這一資產類', '並以', '10', '顯著', '資金承諾', '重視數', '位資', '意圖', '願景', '驅動力', '將在', '風投', '領域', '將成', '創造', 'Ventures', '開發', '新創', '企業', '企業家', '目標', '15', '20', '筆種子', '強化', '以來', '三箭', '資本', 'Celsius', 'BlockFi', 'Voyager', '相繼破產', '面臨', '信貸', '緊縮', '額外', '過濾', '對手', '曝險', '法規明', '確且', '穩定', '正為', '杜拜', '申請', '美國', '收入', '和服', '更糟', '情境', '牌照', '引擎', '交易量', '基金', '看待', '低迷', '瑞士', '眼光', '垂直', '多家', '打算', '做出', '信心', '早期', '最新', '透露', '核心', '盈利', '事件', '多年', '每年', '金融', '近期', '支持', '日本', '非常', '全球', '所有', '提供', '增加', '重要', '不能', '表示']"
7,,今（6）日晚間，幣安執行長趙長鵬（CZ）集中回應了這段時間外界對幣安的猜測，以及市場上對 SBF、FTX的一些錯誤看法，其中包括： 誤解一：CZ 想當加密貨幣的「救世主」？ 誤解二：CZ 的推特文殺死了 FTX CZ 認為，FTX 的破產完全是 FTX 咎由自取，因為它挪用了客戶的數十億美元，也沒有一家運營健康的公司會毀於一條推特。 「沒有一家健康公司會被一條推特文殺死。」 但 CZ 又另外強調，如果要說推特文摧毀了 FTX，那很可能跟 Alameda Research 執行長 Caroline Ellison 關於「22美元全收 FTT」的推特文有關，這很可能是投資人們拋棄 FTX 的主要原因。 誤解三：SBF 的初衷是好的，只是犯了點錯？ CZ 強調，撒謊絕不能稱之為「出於好意」： 誤解四：FTX是被第三方殺死的 CZ 顯然非常不苟同此說法，反駁道： 誤解五：SBF 與 CZ 的史詩對決？ 最後，CZ 表示根本不存在「SBF 與 CZ 的史詩級對決」，因為幣安並不關注競爭對手，當前加密貨幣行業用戶僅佔總人口的 6%，因此，多個交易所、多種區塊鏈、多個錢包共存是發展的最優選。CZ 之後也將把工作目光轉移回 BNB 的建設上： 回歸建設！（#BNB）,Ankr被駭》CZ：惡意合約不是「幣安」的智能合約；凍結駭客資金會與執法部門合作 Bankless：幣安 CZ 過於強大了嗎？ 快訊》CZ預警 : 幣安將在數小時內，對所有冷錢包地址執行「大額比特幣」轉移操作 內部員工警告：Amber Group、WhaleFin存在破產風險！建議提領資金避險,"['CZ', 'FTX', '推特', 'SBF', '幣安', '加密貨幣', '文殺', '多個', 'BNB', '建設', '晚間', '這段', '猜測', '錯誤', '想當', '破產', '客戶', '數十億', '運營', '會毀', '摧毀', 'Alameda', 'Research', 'Caroline', 'Ellison', '22', '全收', 'FTT', '文有關', '投資', '拋棄', '點錯', '謊絕', '稱之為', '顯然', '說法', '反駁', '史詩', '詩級', '並不關', '競爭', '行業', '用戶', '僅佔', '6%', '多種', '區塊鏈', '發展', '優選', '之後也將', '轉移', '回歸', '健康', '苟同', '一家', '咎由自取', '美元', '救世主', '共存', '初衷', '好意', '第三方', '外界', '看法', '目光', '根本', '人口', '集中', '原因', '非常', '存在', '只是', '工作', '一些', '不能', '如果', '表示', '主要']"
8,,眾議院要求 SBF 親赴美國聽證會 一旦我完成了解和審視發生的事情，我感覺我有責任出現在委員會面前解釋，但我不確定這會在 13 日之前完成，但若完成時，我會出面作證。 不過委員會主席 Maxine Waters 對 SBF 疑似推託的說法不領情，堅持 SBF 必須要參加 13 日的聽證會。 您（SBF）必須在 13 日參加我們的聽證會，如果以後有更多信息要分享，我們願意安排繼續舉行聽證會。 Alameda 前執行長 Caroline 現身曼哈頓快活喝咖啡 另一方面，近期專注關注 FTX 案件發展的帳號 Autism Capital 本週一引述據稱高度可信的消息來源稱，Caroline Ellison 已聘請華盛頓知名律師事務所 WilmerHale 作為代理律師，但該事務所未回應置評。,馬斯克復盤「SBF屁話」：他打來只顧講 FTX 與自己，都不談推特收購很怪 富比士打臉SBF：他對Alameda財務瞭解「精確至個位數」，2年親整理5張資產清單 Coinbase CEO怒斥「SBF說謊太扯」: 多80億美元可以花，沒注意到？(FTX),"['SBF', '聽證會', '13', '委員會', 'Caroline', '律師', '完成', '眾議院', '審視', '感覺', '有責任', '出現', '這會', '我會', '作證', '不過', 'Maxine', 'Waters', '領情', '堅持', '以後有', '願意', '繼續', '舉行', 'Alameda', '現身', '曼哈頓', '專注', '關注', 'FTX', '發展', '帳號', 'Autism', 'Capital', '本週', '據稱', '來源', 'Ellison', '已聘', '請華盛頓', 'WilmerHale', '回應置', '喝咖啡', '引述', '疑似', '赴美', '可信', '快活', '出面', '代理', '知名', '案件', '高度', '另一方面', '主席', '安排', '一旦', '面前', '信息', '近期', '之前', '了解', '消息', '事情', '要求', '如果']"
9,,Aleo 隱私鏈啟動測試網積分挖礦 Aleo 於 2019 年創立，是首個使用零知識證明、同時保證可編程特性的創新公鏈項目，並於今年 2 月獲得 2 億美元的 B 輪融資，成為零知識賽道有史以來規模最大的一輪融資。 f2pool 現已支持 Aleo Testnet 3 挖礦,a16z 推出基於零知識證明「空投領取工具」: 但gas費用可觀 佈局新興公鏈 Sui 空投》如何申請「SuiNS 域名、註冊錢包」（教學懶人包） Sui 宣布啟動基金會，將公布質押、初始代幣分配資訊，重申沒有空投計畫,"['Aleo', '挖礦', '隱私鏈', '網積分', '2019', '零知識', '證明', '保證', '編程', '創新公鏈', '輪融資', '知識賽', '有史', '以來', '規模', '一輪', '融資', 'f2pool', '現已', 'Testnet', '特性', '美元', '支持', '今年']"
10,,與此同時，人們不禁在問：為什麼 SBF 還不坐牢？ 坦率地說，這個問題的答案其實非常簡單：儘管每個人都知道 SBF 犯了大錯，但截至目前，仍無法確認他是否存在任何犯罪行為。 SBF 的繼任者 John Jay Ray III 曾負責處理過著名的「安然破產案」，但當他看到 FTX 公司狀況後也忍不住感慨 「從未見過如此失敗的公司治理、如此混亂的公司財務資訊」，如果不是公司管理層無能，那麼這種行為幾乎可以算是「犯罪」。 （相關閱讀：30 頁法律文件披露 FTX 破產內情，清算人怒斥離譜和混亂） 然而根據法律專家分析，至少在 FTX 調查完成之前，SBF 應該不會被很快關進監獄，而調查過程似乎十分漫長，因為這不是一個簡單的案件，FTX 不是傳統金融公司，加密世界異常複雜。 lWeb3 律師 Charles Slamowitz 解釋說：「雖然有法規和限制，FTX 客戶中仍有 2% 來自美國，但擁有 100 多家實體的 FTX 總部設在巴哈馬，也就是說，儘管美國人賠了錢，但由於 SBF、FTX 和巴哈馬之間盤根錯節的聯繫，會讓美國監管者和執法機構難以介入。其次，作為一種新興事物，許多檢察官並不了解加密貨幣行業，更不清楚如何調查這種大規模的詐欺行為。因此，收集訴訟材料並提出指控會異常複雜，所以即便起訴 SBF 只是時間問題，但這個時間可能會比想像中的更久。」 lDorsey & Whitney LLP 是一家專門為美國證券交易委員會調查和執法行動以及刑事白領證券案件提供辯護服務的律所，其合夥人 Thomas Gorman 也有同樣的看法，認為巴哈馬政府的介入讓事情變得複雜化，他解釋說「這會產生一些問題，假設 SBF 最終被指控的話。會有不同的法律來處理 FTX 的不同方面，最終將影響誰會被指控、以及因為什麼罪名而被指控。」 Thomas Gorman 補充稱，現在華盛頓特區裡已經有人開始調查 SBF，但沒有人明確指出是否會對 SBF 提出刑事指控，可即便提出指控，SBF 還是需要一段時間才會入獄。 與此同時，雖然 SBF 有權保持沉默以避免自證其罪，但他似乎耐不住寂寞，不僅接受了幾次備受矚目的採訪，而且還時不時地在社交媒體上發帖，甚至在接受《紐約時報》採訪時聲稱不明白 FTX 發生了什麼事，更辯解自己「沒有故意混合資金」，SBF 的這些舉動令人感到疑惑，但有分析稱，他很可能在進行一場「魅力運動」以盡量減少自己的罪惡感。 如果 SBF 真的用管理不善、能力不足這些作為藉口，執法者會買帳嗎？我們只能拭目以待。,精華整理》SBF對談紐時作家 : Alameda與FTX資金為何會混合？對刑責擔心嗎？ SBF 辯「從沒出金領過錢」：FTX 一直有財務風控，新CEO不熟悉公司運作 CZ駁5個FTX誤解》我不是產業救世主、SBF是騙子壞人、不是我害死FTX,"['SBF', 'FTX', '調查', '指控', '巴哈', '美國', '執法', '證券', 'Thomas', 'Gorman', '最終', '採訪', '刑事', '法律', '案件', '介入', '清算人', '即便', '在問', '還不', '大錯', '仍無法', '確認', '繼任者', 'John', 'Jay', 'Ray', 'III', '負責', '處理過', '破產案', '但當', '狀況', '見過', '失敗', '財務資訊', '層無能', '那麼', '幾乎', '相關', '閱讀', '30', '破產', '內情', '離譜', '專家', '應該', '不會', '關進', '監獄', '過程', '漫長', '傳統', '異常', 'Web3', '律師', 'Charles', 'Slamowitz', '法規', '客戶', '2%', '自美國', '擁有', '100', '總部設', '之間', '盤根', '錯節', '監管者', '機構', '難以', '一種', '新興', '檢察', '官並', '加密貨幣', '行業', '大規模', '欺行', '訴訟', '會異常', '起訴', 'lDorsey', 'Whitney', 'LLP', '專門', '委員會', '行動', '白領', '辯護', '服務', '合夥人', '同樣', '變得', '雜化', '這會產生', '假設', '處理', '將影響', '補充', '華盛頓', '特區裡', '已經', '還是', '入獄', '有權', '自證', '其罪', '不僅', '幾次備', '受矚', '還時', '不時', '媒體', '發帖', '紐約', '時報', '時聲', '辯解', '資金', '舉動', '一場', '運動', '以盡量', '惡感', '藉口', '會買帳', '法者', '想像中', '是否', '似乎', '接受', '保持沉默', '耐不住', '怒斥', '金融公司', '坦率地', '加密', '分析', '拭目以待', '安然', '坐牢', '社交', '不善', '不同', '寂寞', '罪名', '如果', '魅力', '感慨']"
11,14 奈米以下設備遭封殺！傳荷蘭擬跟進美國，對中國祭出口限令,彭博社報導，荷蘭、日本是全球先進半導體設備最大供應商，但華盛頓還沒讓這些盟友完全加入限制行列。荷蘭和美國官方拒絕發表評論。 消息人士透露，荷蘭新出口限制考慮禁止銷售製造 14 奈米以下的更先進設備，使荷蘭法規和美國 10 月 7 日宣布的晶片禁令一致。 然而可能打擊荷蘭半導體先進設備大廠愛司摩爾（ASML），因中國占其去年營收約 15%。不清楚新限制如何影響 ASML 的中國銷售，但可能使最先進設備無法出口中國。 外媒 CNBC 報導，由於荷蘭各種出口限制，ASML 自 2019 年就無法出口最先進 EUV 微影曝光設備到中國。其實從 2018 年開始，美國前總統川普領導下，美國干預荷蘭 ASML 出口許可，2020 年開始荷蘭政府撤銷 ASML 出口中國 EUV 設備許可，也成為美中科技戰重要戰略。 這次荷蘭與美方洽談，可能立法中國技術銷售的非官方禁令，並擴大限制範圍。 荷蘭首相 Mark Rutte 11 月告訴彭博電視，荷蘭正與美國、日本及另一個半導導體生產大國南韓協調此事。,,"['荷蘭', 'ASML', '中國', '先進', '出口', '限制', '半導體', '美國', '銷售', '無法', 'EUV', '許可', '禁令', '最先', '供應商', '但華盛頓', '還沒', '拒絕', '發表', '評論', '荷蘭新', '考慮', '14', '奈米', '荷蘭法', '規和美國', '10', '打擊', '大廠', '愛司', '摩爾', '因中國', '營收', '15%', '影響', '進設備', '外媒', 'CNBC', '各種', '2019', '微影', '2018', '美國前', '總統川', '普領', '導下', '美國干', '預荷蘭', '2020', '撤銷', '戰略', '這次', '洽談', '技術', '並擴', '範圍', 'Mark', 'Rutte', '11', '告訴', '彭博電視', '荷蘭正', '半導導體', '生產大國南', '韓協調', '晶片', '非官方', '美中', '彭博社', '日本', '盟友', '美方', '消息人士', '曝光', '行列', '首相', '立法', '官方', '禁止', '此事', '一致', '加入', '透露', '科技', '清楚', '宣布', '然而', '以下', '全球', '政府', '重要']"
12,AirPods Pro 2 熱賣，蘋果 TWS 出貨大增，奪三成市占,"日本蘋果情報網站iPhone Mania 7日報導，市場調查公司Canalys公布調查報告指出，上季（2022年7-9月）全球個人智慧音頻設備（包含TWS、無線頭戴耳機、無線頸掛耳機）出貨量較去年同期下滑4%至1億1,360萬部，連續第二年呈現減少，其中因蘋果新開賣的「AirPods Pro 2」熱賣，帶動上季全球TWS出貨量成長6%至7,690萬部，是唯一呈現增長的智慧音頻設備品項。 Canalys指出，就TWS市場來看，上季蘋果出貨量較去年同期大增34%至2,380萬部，市占率自去年同期的24.6%揚升至30.9%，穩居龍頭位置，其中今年秋天開賣的「AirPods Pro 2」出貨量為420萬部，占整體AirPods出貨量比重為20%。 三星雖也推出新產品Galaxy Buds2 Pro，不過上季出貨量較去年同期萎縮15%至740萬部，市占率下滑2.4個百分點至9.6%，位居第二位；印度廠商boAt出貨量暴增50%至410萬部，市占率揚升至5.4%躍居第三位；小米出貨量大減31%至340萬部，市占率4.4%退居第四；Skullcandy出貨量下滑4%至260萬部，市占率3.3%位居第五。 Canalys表示，上季印度市場TWS出貨量接近1,000萬部創新高，占整體智慧音頻設備出貨量比重首度衝破50%。",,"['出貨量', '萬部', 'TWS', '市占率', '蘋果', 'Canalys', '音頻', 'AirPods', 'Pro', '去年同期', '調查', '4%', '呈現', '開賣', '整體', '50%', '智慧', '上季', '下滑', '位居', '升至', '比重', '情報', '網站', 'iPhone', 'Mania', '報告', '2022', '無線頭', '戴耳機', '無線', '掛耳機', '360', '連續', '熱賣', '帶動', '成長', '6%', '690', '增長', '品項', '34%', '380', '24.6%', '30.9%', '穩居龍頭', '420', '20%', '新產品', 'Galaxy', 'Buds2', '不過', '季出', '貨量', '萎縮', '15%', '740', '2.4', '點至', '9.6%', '廠商', 'boAt', '410', '率揚', '5.4%', '躍居', '大減', '31%', '340', '4.4%', 'Skullcandy', '260', '3.3%', '000', '萬部創', '衝破', '印度', '百分', '指出', '全球', '暴增', '退居', '小米', '首度', '第三位', '三星', '第二位', '第二年', '秋天', '第五', '大增', '第四', '包含', '新高', '唯一', '接近', '推出', '位置', '公布', '日本', '今年', '表示']"
13,IPC、TPMS 出貨強勁、儲能後續看漲！系統電明年展望樂觀,"Business Insider報導，DataTrek共同創辦人Nicholas Colas 7日發表研究報告指出，紐約聯儲模型追蹤美國3個月國庫券及10年期公債的利差。分析人士認為，這條殖利率曲線示警衰退的準確度優於2年期、10年期公債利差，Fed主席鮑爾（Jerome Powell）之前也說這是他個人偏好的衰退指標。 紐約聯儲指出，美國3個月國庫券及10年期公債的殖利率曲線暗示，經濟有38%的機率陷入衰退。不過，Colas指出，過去60年來，模型的機率若超過30%，11次有9次都曾準確預測到衰退。 Colas表示，「這項模型明白預告，短期利率高漲將在未來12個月導致經濟衰退」。雖然市場普遍預測Fed 12月的升息幅度將從之前的三碼縮小至兩碼，但模型暗示市場認為利率對經濟的限制已太過，Colas認為，這終將引發「鮑爾衰退」（Powell recession）。 Colas警告，聯邦公開市場委員會（FOMC）12月14日公布利率決策會後，鮑爾肯定會被問到經濟衰退的可能性，他屆時也許會引述紐約聯儲的模型，聲稱機率有38%。然而，從模型過去的歷史來看，真正的答案應是「接近100%」。 值得注意的是，摩根大通（JPMorgan Chase，通稱小摩）執行長Jamie Dimon最近也警告，美國可能很快就會衰退，導致股市大跌20%。 摩根士丹利（Morgan Stanley、通稱大摩）證券策略長Michael Wilson 11月也曾說過，標準普爾500指數將在2023年第一季下探3,000~3,300點，之後會在年底彈回3,900點。他最近指出，標普500上週突破200日移動平均線之後，應會再次拉回。",,"['Colas', '衰退', '經濟', '模型', '紐約', '聯儲', '10', '公債', '鮑爾', '機率', '12', '年期', '利率', '國庫券', '曲線', 'Fed', 'Powell', '美國', '38%', '11', '預測', '導致', '通稱', '500', '指出', '利差', '暗示', 'Business', 'Insider', 'DataTrek', '創辦', 'Nicholas', '發表', '報告', '這條殖', '準確度', 'Jerome', '指標', '不過', '60', '年來', '超過', '30%', '準確', '這項', '預告', '高漲', '將在', '未來', '將從', '三碼', '縮小至', '兩碼', '已太過', '這終', '將引發', 'recession', '聯邦', '公開', '委員會', 'FOMC', '14', '決策', '他屆', '許會', '聲稱', '歷史', '應是', '100%', 'JPMorgan', 'Chase', '小摩', 'Jamie', 'Dimon', '20%', 'Morgan', 'Stanley', '大摩', '證券', 'Michael', 'Wilson', '說過', '標準', '普爾', '指數將', '2023', '000', '300', '之後會', '彈回', '900', '標普', '上週', '200', '日移動', '應會', '最近', '示警', '第一季', '之前', '引述', '下探', '升息', '摩根士丹利', '大通', '偏好', '摩根', '值得注意', '大跌', '答案', '陷入', '幅度', '可能性', '策略', '限制', '主席', '接近', '很快', '年底', '短期', '突破', '肯定', '普遍', '共同', '再次', '然而', '股市', '明白', '平均', '人士', '公布', '分析', '研究', '表示']"
14,Intel Sustainability Taiwan Day 首次在台舉行，持續引領未來永續運算,英特爾運用豐富經驗和全球影響力，集結多位英特爾總部高階主管、專家以及生態系合作夥伴，首度在台盛大舉辦「Intel Sustainability Taiwan Day」！展示晶片、平台與軟體方面針對永續發展最佳化的產品，期許透過更進一步的跨生態系合作，在整個產業中落實永續性。台灣的生態系擁有強大的能力與熱情共同推動創新，將具備永續性的解決方案拓展到全球市場，協助產業邁向可永續運算的未來， 英特爾方面指出，PUE（Power Usage Effectiveness，電力使用效率）是用來衡量資料中心機房使用能源的效率，計算方式為該資料中心整體耗電量（包含運算設備、冷卻、照明、 UPS 電力耗損等）除以運算設備耗電量，理想的 PUE 數值為 1，意即該資料中心所有的耗電量全數應用於運算。而英特爾第 4 代 Intel Xeon 可擴充處理器內建歷代以來最多的加速器，為 AI、HPC、儲存、安全和網路等工作負載，帶來絕佳的每瓦效能優勢，再加上第 4 代 Intel Xeon 可擴充處理器製造時至少使用 90% 可再生電力，許多甚至是採用 100% 可再生電力，這同時能夠削減產品實體與營運時的碳足跡，對客戶而言即是降低範疇三碳排放。 根據研究調查機構 Gartner 預計到了 2025 年，將有一半以上的資料在資料中心、雲端以外的地方產出、處理。網路是邊緣運算不可或缺的一部份，第 4 代 Intel Xeon 可擴充處理器相較於前一世代，可容納 2 倍的 vRAN 容量和每瓦效能，部分款式更具備 vRAN Boost 加速器，消彌外部 vRAN 加速器的需求，將 vRAN 功耗降低 20％。能源解決方案能夠減少邊緣運算的電力消耗，例如日本電信營運商 KDDI 在測試中，透過 AI 遙測和電源管理工具，可將整體功耗降低 20%。 英特爾進一步強調，Intel Sustainability Taiwan Day 有助於強化我們與生態系長久以來良好的合作基礎，並加速可永續解決方案的創新發展。英特爾正在我們整體業務中推動更多的永續性，包含更具生態意識的半導體製造生產、更有環境意識的資料中心與網路解決方案、貫穿產品生命週期的循環性，以及更加節能的產品、平台和軟體，以行動取得可永續運算的實質進展。,,"['永續', '運算', '資料', '英特', 'Intel', '電力', '解決', 'vRAN', '整體', '耗電量', 'Xeon', '可擴', '充處', '理器', '網路', '加速器', '中心', '生態系', 'Sustainability', 'Taiwan', 'Day', '軟體', '發展', '透過', '推動', '創新', 'PUE', 'AI', '每瓦', '邊緣', '生態', '意識', '方案', '可再生', '功耗', '效能', '降低', '更具', '合作', '夥伴', '效率', '包含', '最佳化', '平台', '一步', '能源', '爾運用', '豐富', '經驗', '影響力', '集結', '總部', '高階', '專家', '舉辦', '針對', '期許', '更進', '跨生', '態系', '整個', '中落實', '台灣', '擁有', '強大', '熱情', '將具備', '邁向', '未來', 'Power', 'Usage', 'Effectiveness', '機房', '計算', 'UPS', '耗損', '數值', '全數', '應用', '內建', '歷代以', 'HPC', '儲存', '負載', '帶來', '絕佳', '優勢', '90%', '採用', '100%', '這同', '時能夠', '減產品', '營運時', '碳足跡', '客戶', '範疇', '三碳', '調查', '機構', 'Gartner', '預計', '2025', '將有', '雲端', '產出', '處理', '相較', '可容納', 'Boost', '消彌', '20', '能夠', '電信', '營運商', 'KDDI', '遙測', '電源', '可將', '20%', '爾進', '強化', '系長', '以來', '基礎', '業務中', '半導體', '環境', '貫穿', '週期', '循環性', '節能', '以行動', '實質', '進展', '管理工具', '晶片', '全球', '有助', '不可或缺', '意即', '款式', '首度', '除以', '方面', '世代', '盛大', '多位', '容量', '照明']"
15,KLA 推出革命性 X 射線量測系統，解決記憶體晶片垂直結構量測挑戰,半導體設備廠科磊 (KLA) 宣布推出革命性的 Axion T2000 X 射線量測系統，供先進的記憶體晶片製造商使用。 KLA 表示，3D NAND Flash 及 DRAM 記憶體晶片的製造包含極高結構之精密構造，具有深層、狹窄的孔洞和間隙，以及其它複雜精細的建構形狀，而這些都需要控制在奈米尺度的等級。因此，Axion T2000 具有可增強其量測高長寬比裝置之專利技術，具備高解析度、準確度、精確度和速度之組合。Axion T2000 透過發現能影響記憶體晶片性能的微小形狀異常，有助於確保成功生產用於像是 5G、人工智慧 （AI）、資料中心和邊緣運算等應用之記憶體晶片。 KLA 半導體製程控制業務事業單位總裁 Ahmad Khan 表示，KLA 的新型 Axion T2000 X 射線量測系統是先進的 3D NAND Flash 和 DRAM 中，製程控制規則的改變者。Axion T2000 使用穿透式 X 射線技術，可視覺化到 100:1 或更高長寬比的 3D 結構。從這些極端垂直結構的頂部到最底部，Axion 資料可使製程裡的關鍵參數提供更嚴格控制，例如寬度、外形和傾斜度。此外，透過產線上即時量測，Axion 還可在大批量生產記憶體晶片時，在解決良率和可靠性問題時，可縮短所需的產品週期時間。 KLA 強調，Axion T2000 是一款 CD-SAXS （關鍵尺寸小角度 X 射線散射）系統，可利用獨特的 X 射線技術，對記憶體裝置的關鍵尺寸和 3D 外形進行高解析度的量測。高通量光源可提供 X 射線在整個垂直記憶體結構中傳導，無論其現今結構的高度，或未來更高的結構，皆可進行量測。 另外，Axion T2000 具備領先業界的量測範圍，能協助在多個角度獲取衍射影像，提供豐富的 3D 幾何資訊。尤其，搭配先進的 AcuShape 演算法，可量測許多關鍵裝置製程參數以及微小變異的偵測，能影響記憶體晶片的最終功能。根據以上的創新技術，Axion T2000 能以非破壞性的方式，協助記憶體製造商優化、監測和控制線上製程步驟所需的量測資料。 目前已有多套系統在頂尖的記憶體製造商中運轉，而 Axion T2000  加入了  KLA  的先進量測系統家族之後，可為 3D NAND Flash 和  DRAM  製造商提供複雜製程參數的精確量測。目前，從早期研發階段到大量生產之完整範圍量測，KLA 的完整的量測組合所產生的訊息，將可促進產能增長、提昇產品品質和提升生產良率。 了維持高效能和高產能，Axion T2000 也得到了 KLA 全球綜合服務網的支援。,,"['Axion', 'T2000', '記憶體', 'KLA', '射線', '3D', '結構', '晶片', '量測', '系統', '技術', '關鍵', 'NAND', 'Flash', 'DRAM', '解析度', '控制', '半導體', '形狀', '具備', '透過', '影響', '資料', '先進', '生產', '提供', '微小', '尺寸', '外形', '垂直', '完整', '高通量', '角度', '科磊', '供先進', '極高', '構造', '深層', '狹窄', '雜精細', '建構', '在奈米', '增強', '其量', '測高長', '比裝置', '專利', '準確度', '精確度', '組合', '異常', '確保', '生產用', '5G', '人工智慧', 'AI', '邊緣', '運算', '應用', '業務事業', '單位', '總裁', 'Ahmad', 'Khan', '規則', '改變者', '可視', '覺化', '100', '高長', '極端', '頂部', '參數', '嚴格', '寬度', '產線', '時量測', '解決', '良率', '可縮', '週期', 'CD', 'SAXS', '獨特', '裝置', '整個', '中傳導', '無論', '其現', '未來', '領先業界', '測範圍', '能協助', '多個', '獲取', '豐富', '幾何', '資訊', 'AcuShape', '演算法', '可量', '測許', '變異', '偵測', '最終', '創新', '非破', '壞性', '監測', '進量測', '可為', '研發階段', '範圍', '測組合', '所產生', '訊息', '將可促', '進產能', '增長', '品質', '生產良率', '維持', '高產能', '綜合', '服務網', '斜度', '高效能', '孔洞', '大批量', '多套', '革命性', '有助', '能以', '衍射', '穿透', '散射', '影像', '具有', '光源', '精密', '可靠性', '搭配', '尺度', '目前', '表示', '一款', '支援', '新型', '底部', '家族']"
16,PChome 商店街臨時股東會通過減資，彌補虧損,"PChome 網路家庭集團啟動組織重整計畫，旗下子公司商店街市集在 7 日的臨時股東會通過辦理減資案 ，經股東會決議減少資本台幣 5 億 3,676 萬元，減少股份 5,367.6 萬股，減資比率 99.99%，減資後股本為台幣 180 元，減資基準日則為 12 月 25 日。 商店街市集表示，這次減資案是啟動資本重組的第一步，已獲得主要股東和銀行團的支持，完成後能讓財務結構更健全，以落實健全營運計畫。與此同時，商店街市集強調業務正常營運、不受影響。 PChome 商店街自 2005 年起，以 B2B2C 商業模式，為全台中小企業提供網路開店服務，累積已有超過 12.2 萬家店；同時也協助中小企業進行數位轉型輔導工作，持續發展各式線上市集、虛擬與實體市場整合。 值得一提的是，過去面對競爭對手蝦皮大舉進逼，PChome 派出商店街個人賣場砸大錢應戰，卻讓 PChome 過去有段時間也曾虧損連連。而 PChome 的虧損問題今年再度浮現，整個集團需要轉型變革。 經資本重組後，PChome 商店街未來仍將持續協助全台微型商家發展數位轉型工作，持續推出新的商業模式。",,"['PChome', '商店', '減資', '轉型', '街市', '網路', '減資案', '資本', '台幣', '重組', '商業', '企業', '數位', '持續', '發展', '全台', '健全', '中小', '模式', '組織', '計畫', '集在', '臨時', '股東會', '通過', '辦理', '經股', '東會', '決議', '676', '萬元', '367.6', '萬股', '99.99%', '180', '基準', '日則', '12', '25', '這次', '股東', '銀行團', '財務', '結構', '以落實', '營運計畫', '集強', '調業務', '營運', '影響', '街自', '2005', 'B2B2C', '開店', '服務', '累積', '超過', '12.2', '萬家店', '輔導', '線上', '虛擬', '面對', '競爭', '皮大舉', '街個', '賣場', '大錢', '應戰', '損連連', '虧損', '浮現', '整個', '變革', '經資本', '街未來', '將持續', '市集', '各式', '重整', '微型', '工作', '第一步', '商家', '值得一提的是', '比率', '派出', '不受', '子公司', '股本', '整合', '旗下', '再度', '已有', '家庭', '推出', '正常', '支持', '完成', '股份', '提供', '今年', '表示', '主要']"
17,Pat Gelsinger 歡迎台積電到亞利桑那投資，創造半導體多元供應價值,正拜訪台灣會見供應鏈廠商的英特爾執行長 Pat Gelsinger，對台積電美國亞利桑那州投資表示歡迎，並稱讚全球多元化供應鏈的價值有助半導體產業發展更具彈性。 Pat Gelsinger 在 Twitter 表示，很歡迎台積電的朋友來美，並慶祝亞利桑那州工廠移機儀式，以及對美國半導體製造業的支持。也堅信全球多元化和有彈性的半導體製造業務價值。 台積電今日在亞利桑那州舉行典禮，慶祝鳳凰城北部 120 億美元晶圓廠第一批設備入廠。此廠為 5 / 4 奈米製程，台積電前一天宣布，亞利桑那州總投資增加到 400 億美元，建造第二期 3 奈米製程，2026 年開始營運。 美國總統拜登也出席移機典禮，並發表演說，之後也參觀台積電晶圓廠。此廠 2024 年開始量產 5 / 4 奈米晶片。,,"['台積電', '桑那州', '半導體', 'Pat', 'Gelsinger', '投資', '彈性', '移機', '亞利', '典禮', '晶圓廠', '此廠', '多元化', '拜登', '正拜訪', '台灣會', '應鏈', '廠商', '美國亞利', '歡迎', '供應', '價值', '發展', 'Twitter', '很歡', '來美', '並慶', '祝亞利', '工廠', '儀式', '對美國', '堅信', '舉行', '慶祝鳳凰城', '120', '入廠', '400', '2026', '營運', '美國', '總統', '並發', '參觀', '2024', '開始量', '奈米', '晶片', '英特', '美元', '全球', '第二期', '有助', '前一天', '更具', '表示', '第一批', '出席', '表演', '建造', '北部', '朋友', '宣布', '支持', '今日', '增加']"
18,Telegram 開放競標匿名號碼，可用於註冊服務,"在地球上，像機智號（Ingenuity）直升機這樣的多軸飛行器只是件稀鬆平常的事，但在火星上，每一次飛行都是科學工程壯舉，因為火星重力只有地球三分之一，且大氣密度僅地球大氣 1%，更困難的是，地球發出的無線電訊號需經 12 分鐘才能抵達火星，代表機智號必須在無人控制的情況下自己飛行。 NASA 已證明機智號能克服這些挑戰，從去年 4 年展開首次動力飛行離地 3 公尺並滯空懸停 30 秒，如今機智號直升機已執行遠遠超過預定 5 次任務的飛行次數，不僅協助毅力號火星車在地面的運行，還參觀了當初讓毅力號火星車安全登陸後丟棄的外殼與降落傘現場。 在最近第 35 次飛行任務中，機智號直升機於 52 秒內達到破紀錄離地 14 公尺高。截至此次任務，機智號飛行總距離達 7,400 公尺，飛行總時間接近 60 分鐘。 目前毅力號火星車正在耶澤羅撞擊坑尋找古代火星生命跡象，收集並保存一些岩石樣本，最早可能在 2033 年會派出新的探測器將這些樣本帶回地球。",,"['飛行', '機智號', '火星', '直升', '地球', '公尺', '毅力', '大氣', '分鐘', '離地', '任務', '樣本', 'Ingenuity', '這樣', '多軸飛', '行器', '科學', '壯舉', '1%', '困難', '無線', '電訊號', '需經', '12', '抵達', '無人', '情況', 'NASA', '已證明', '挑戰', '年展', '動力', '並滯空', '懸停', '30', '機已', '執行', '遠遠', '超過', '預定', '次數', '不僅', '車在', '運行', '還參觀', '當初', '登陸', '丟棄', '外殼', '傘現場', '35', '任務中', '52', '破紀錄', '14', '總距', '離達', '400', '總時間', '60', '耶澤羅撞擊', '尋找', '跡象', '2033', '年會', '探測', '器將', '能克服', '降落', '重力', '三分之一', '派出', '平常', '收集', '密度', '岩石', '保存', '生命', '地面', '最早', '最近', '接近', '工程', '首次', '古代', '安全', '截至', '此次', '才能', '如今', '代表', '控制', '一次', '正在', '只是', '只有', '一些', '目前', '自己']"
19,V 神實測 ChatGPT 寫程式心得：AI 還無法取代人類工程師,為了實測，Vitalik Buterin 使用 ChatGPT 看能否讓 ChatGPT 解決一個問題，即更改他的 vitalik.eth ENS 紀錄註冊的 IPSF 雜湊值，以讓他部落格新文章可透過 ENS 查看。 通常這麼做要有兩步驟，第一是將更新內容發到 IPFS，第二個步驟是更新 ENS 紀錄，以含新內容 IPFS 雜湊值，先前 Vitalik 已透過 Fleek 將第一個步驟自動化，只需內容推送至 Github，Fleek 會自動將新版本上傳到 IPFS。 Vitalik Buterin 想藉一段 Javascript 腳本自動化剩下手動步驟。他給 ChatGPT 的任務很簡單，就是用正確調用數據，向正確地址發送一個以太坊交易，以更新 ENS 合約的內容雜湊值紀錄，使其等於 Fleek 給他的 IPFS 雜湊值。 不過實測後，Vitalik Buterin 結論是： GPT-3 聊天機器人當寫程式助手很有幫助，但它也犯了很多錯。最後，我可以很快修正它的錯，因為我具備很多領域的知識。 因此 Vitalik Buterin 認為，此時此刻人工智慧離成為人類程式設計師的替代品還非常遙遠，ChatGPT 只是加速他本來用 Google 就能搞清楚的事。 不過 Vitalik Buterin 也提到，ChatGPT 確實介紹了一些從未見過的編碼模式，且 ChatGPT 編寫 base converter 的速度比他快，對編寫 Javascript 發送簡單交易的範例操作來說，ChatGPT 做得相當好： 人工智慧迅速進步，我希望還能繼續進步，並隨著時間過去消除錯誤。 但 Rooter 警告，需警惕區塊鏈應用使用 ChatGPT 創建代碼的可靠性，鑑於區塊鏈代碼不可變，且執行後無法更改，開發者需更小心。,,"['ChatGPT', 'Vitalik', 'Buterin', 'ENS', 'IPFS', '雜湊值', 'Fleek', '實測', '內容', '紀錄', '自動化', 'Javascript', '正確', '發送', '不過', '人工智慧', '編寫', '進步', '區塊鏈', '代碼', '更新', '程式', '更改', '解決', 'vitalik', 'eth', 'IPSF', '格新', '可透過', '這麼', '兩步驟', '是將', '發到', '個步', '以含', '已透過', '個步驟', '需內容', 'Github', '自動將', '傳到', '腳本', '手動步', '他給', '任務', '調用', '數據', '合約', '內容雜', '湊值', '給他', '結論', 'GPT', '機器', '當寫', '幫助', '具備', '領域', '知識', '此時', '離成', '人類', '設計師', '遙遠', '本來', 'Google', '確實', '介紹', '見過', '編碼', 'base', 'converter', '範例', '相當', '還能', '繼續', '並隨著', '錯誤', 'Rooter', '應用', '創建', '執行後無法', '開發者', '推送', '第一', '替代品', '以太', '交易', '很多', '搞清楚', '聊天', '可靠性', '助手', '地址', '警惕', '版本', '修正', '先前', '查看', '部落', '此刻', '小心', '消除', '提到', '能否', '一段', '剩下', '加速', '模式', '很快', '速度', '第二', '操作', '不可', '通常', '迅速', '希望', '非常', '只是', '一些']"
20,iPhone 前景不確定性增，村田：智慧手機市場恐進一步低迷,報導指出，泰國為東南亞第二大經濟體，同時是亞洲第四大汽車組裝及出口國，號稱「亞洲底特律」，每年生產約150萬至200萬輛汽車，其中約一半用於出口。值得注意的是，泰國車市長期由日系車廠把持，包括豐田（Toyota）、本田（Honda）、日產（Nissan）、三菱（Mitsubishi）和馬自達（Mazda）等日系汽車大廠，均在泰國設有產線。特斯拉在泰國還面臨另一項挑戰，比亞迪和長城汽車等中國電動車品牌，近年已搶先布局插旗泰國市場，且售價比特斯拉便宜不少，最低只需要80萬泰銖（約新台幣70萬元）。泰國特斯拉沒有公布該公司所設定的銷售目標。,,"['泰國', '特斯拉', '亞洲', '汽車', '日系', '泰國為', '東南亞', '大經濟體', '大汽車', '組裝及', '號稱', '生產約', '150', '萬至', '200', '萬輛', '泰國車', '市長', '車廠', '豐田', 'Toyota', 'Honda', '日產', 'Nissan', 'Mitsubishi', '自達', 'Mazda', '大廠', '泰國設', '有產線', '還面', '一項', '挑戰', '比亞迪', '城汽車', '中國', '電動車', '插旗', '且售', '價比', '80', '萬泰銖', '台幣', '70', '萬元', '設定', '銷售', '目標', '出口', '底特律', '本田', '三菱', '把持', '近年', '值得注意', '便宜', '第四', '布局', '最低', '一半', '品牌', '每年', '第二', '指出', '公布']"
21,「1922」登 Google 年度熱搜榜首，疫情、國際局勢、體育賽事關注高,Google 7 日公布台灣 2022 年度搜尋排行榜，今年疫情影響擴大，防疫專線「1922」為快速竄升關鍵字榜首，「快篩地圖」、「疫苗預約」等疫情相關議題持續受台灣網友關注。國際重大突發事件頻傳，「烏克蘭」與日本前首相「安倍晉三」也備受台灣民眾關心。此外，正在卡達如火如荼進行的「世足賽」和加入全新隊伍擴大聯盟陣容的「中華職棒」皆擁有高人氣討論熱度，雙雙入榜。 疫情關鍵字搜尋熱度仍高，國際重大突發事件備受矚目 隨著 COVID-19 病毒株持續變異與多波本土確診，在今年十大快速竄升關鍵字中，與疫情相關關鍵字仍占多數，包括「1922」、「快篩地圖」、「疫苗預約」等熱搜關鍵字，可見台灣網友持續關注疫情發展與相關防疫措施。今年地牛翻身頻繁，也成為第 3 名快速竄升關鍵字。同時，台灣網友也關心國際重大突發事件，包括「烏克蘭」與前日本首相「安倍晉三」都是大家特別關注的議題。而今年適逢四年一次的「世足賽」，除了首度在冬季舉辦、明星球員陣容引起話題以外，小組賽期間就不斷上演戲劇性逆轉的精彩賽況，迅速颳起足球熱潮。「中華職棒」也榜上有名，雖然上半年賽程受到疫情影響，不過今年加入全新的台鋼雄鷹成為第六隊，並再次舉辦因疫情而停辦兩屆的明星對抗賽，也引來廣大關注。 在十大快速竄升議題榜單中，台灣網友熱切關注人身安全、公共意外以及民生相關議題。「柬埔寨」因為前往海外尋求高薪工作機會的詐騙事件頻傳，以及後續跨國營救行動引發台灣網友熱議。韓國梨泰院萬聖節期間不幸發生的重大踩踏意外，引起高度關注。隨著疫情趨緩且防疫措施放寬，為振興本土休閒觀光產業，各級政府機關相繼推出振興措施，進而帶動「國旅補助」搜尋熱度竄升，還有 3 月突如其來的全台大停電事件也引發廣泛討論。 快速竄升人物以影劇娛樂最受關注，網路迷因人物也引發話題 今年的快速竄升人物排行榜，反映台灣網友對於影視娛樂的高度關注。「林志穎」發生重大交通意外事件引發民眾關心並集氣給予祝福，名人感情世界動向與花邊新聞也備受矚目，包括「大 S 」 、「具俊曄」、「強尼戴普」紛紛上榜。年初率團訪問的美國眾議院院長「裴洛西」也引發廣泛討論，反映台灣網友對國際政經局勢與國際交流的高度關注。此外，適逢年底九合一選舉，也進而帶動相關政治人物搜尋熱度。 特別的是，年初在網友間廣為流傳將手機或電腦桌布替換成日本資深藝人「美輪明宏」能帶來好運，也讓相關搜尋快速竄升，反映台灣網友不僅透過搜尋掌握名人動向外，更進一步為新奇問題尋找相關答案。 「推薦」商品關鍵字圍繞疫情與民生議題，血氧機、烘衣機竄升 台灣網友不僅透過搜尋獲得資訊，也透過「推薦」關鍵字進一步了解更多商品相關資訊，協助做出購買決定。隨著疫情發展，疫情保健相關商品推薦竄升最為快速，像是「血氧機」、「發泡錠」紛紛上榜 ；受疫情衍生的「防疫險」，也成為熱搜關鍵字。今年春季低溫多雨，潮濕低溫天氣帶動「烘衣機」、「雨衣」、「雨鞋」、「電熱毯」相關搜尋。此外，「環保杯」上榜也反映台灣網友環保意識抬頭，和對政府推動環保永續相關措施的關注。 兩部國片搶進電影熱搜榜，台灣戲劇榜單反映女性故事受關注 今年受台灣網友關注的快速竄升電影榜單冠軍，是時隔 36 年後上映的續集電影《捍衛戰士：獨行俠》，除了劇情走向，演員親自駕駛戰鬥機並掌鏡拍攝也引發話題。其他續集和超級英雄電影包括《奇異博士 2：失控多重宇宙》、《侏羅紀世界：統霸天下》、《黑豹 2：瓦干達萬歲》也都上榜。延續去年國片熱度，以本土邪教故事為題材並獲得金馬獎 13 項提名的《咒》，奪下快速竄升電影第 2 名；而主打奇幻題材並以細緻視覺特效奪下金馬三項大獎的《月老》，也廣為網友討論。 在快速竄升台灣戲劇方面，今年上榜的前 5 名皆以女性為故事主角。其中以條通文化為主題的「華燈初上」成為廣大網友熱議的年度夯劇，其他像《媽別鬧了》、《她和她的她》、《台北女子圖鑑》、《村裡來了個暴走女外科》等展現女性視角與探討女性議題的故事也都榜上有名。 迎國境解封，快速竄升國外旅遊目的地以鄰近城市最受關注 隨著各地疫情逐漸穩定，全球許多國家對於跨國境旅遊限制相繼開放，台灣也逐步放寬入境與邊境管制措施，等待多年的海外旅遊將可望實現。從今年的「快速竄升國外旅遊目的地」排行榜中，可觀察到日本成為台灣網友在疫情後出國旅遊的熱門選擇，其中「沖繩」、「東京」、「大阪」、「北海道」包辦了排行榜前 4 名，也是另一種台日友好的展現。此外，「曼谷」與「峇里島」兩個充滿南洋熱帶風情的度假景點，也紛紛上榜。從榜單也可觀察到，在後疫情時代跨國境旅遊逐漸恢復之際，台灣網友對短程飛行可抵達的鄰近地點，展現高度關注。,,"['台灣', '網友', '關注', '相關', '疫情', '關鍵', '快速', '旅遊', '上榜', '搜尋', '國際', '討論', '隨著', '今年', '防疫', '突發', '備受', '關心', '戲劇', '引發', '帶動', '紛紛', '透過', '推薦', '展現', '排行榜', '事件', '措施', '反映', '重大', '女性', '安倍', '故事', '高度', '影響', '1922', '地圖', '預約', '持續', '頻傳', '烏克蘭', '晉三', '世足賽', '中華職', '熱度', '矚目', '發展', '特別', '適逢', '舉辦', '期間', '熱議', '放寬', '進而', '搜尋熱度', '廣泛', '娛樂', '發話題', '廣為', '不僅', '血氧機', '烘衣機', '資訊', '低溫', '國片', '榜單', '升電影', '奪下', '升國外', '逐漸', '跨國境', '本土', '榜上有名', '此外', '目的地', '最受', '名人', '商品', '日本', '全新', '疫苗', '民生', '暴走', '明星', '十大', '意外', '年初', '年度', '解封', '一步', '加入', 'Google', '2022', '擴大', '專線', '台灣民眾', '卡達', '隊伍', '擴大聯盟', '陣容', '擁有', '高人氣', '雙雙入', '尋熱度', 'COVID', '19', '株持續', '變異', '多波', '確診', '多數', '等熱', '可見', '地牛', '頻繁', '球員陣容', '話題', '小組賽', '不斷', '性逆轉', '賽況', '颳起', '熱潮', '賽程', '不過', '鋼雄鷹', '停辦', '兩屆', '抗賽', '引來', '廣大關', '升議題', '單中', '熱切', '尋求', '機會', '跨國營', '救行動', '韓國梨泰院', '萬聖節', '趨緩且', '為振興', '休閒', '觀光', '各級', '機關', '相繼', '振興', '國旅', '補助']"
22,「鮑爾衰退」將至？紐約 Fed 模型暗示機率近百分百,報導指出，由於算法穩定幣TerraUSD（UST）與Luna陷入死亡螺旋、Celsius倒閉、FTX破產風暴等一連串災難，加上升息和經濟衰退擔憂加劇，導致加密貨幣價格暴跌，今年以來，全球加密貨幣總市值已大幅蒸發約2兆美元，遠低於2021年底高峰時的2.9兆美元。根據Refinitiv的數據，分析師平均預測，Coinbase第四季營收將下滑至6.215億美元，較去年同期銳減75%。2022年截至12月7日，Coinbase股價累計暴跌83.65%。,,"['加密貨幣', 'Coinbase', '美元', '暴跌', '穩定幣', 'TerraUSD', 'UST', 'Luna', 'Celsius', '倒閉', 'FTX', '破產風暴', '一連串', '災難', '經濟', '擔憂', '加劇', '導致', '價格', '以來', '蒸發', '遠低', '2021', '2.9', 'Refinitiv', '數據', '預測', '營收將', '6.215', '銳減', '75%', '2022', '12', '股價', '累計', '83.65%', '第四季', '算法', '螺旋', '升息', '衰退', '去年同期', '高峰', '陷入', '死亡', '下滑', '市值', '年底', '加上', '截至', '平均', '大幅', '指出', '全球', '分析', '今年']"
23,三星指紋辨識擴大至全螢幕，外媒：安全性比 Galaxy S22 高 25億倍,法國指紋辨識技術公司 ISORG CEO Dieter May 接受採訪稱，三星正在開發 OLED 螢幕，指紋辨識器可辨識範圍大增，或能全螢幕任何位置都可指紋解鎖。 不只辨識範圍增加，安全性都大提升。SamMobile 報導，三星下一代手機或採用高通 3D Sonic Max 指紋辨識器，可一次掃描三個指紋。使用單指紋誤打誤撞解鎖手機的機率只有 0.0002%，但如果三指紋辨識，安全性會比 Galaxy S22 系列單指紋辨識高 25 億倍。 三星還沒有放出相關消息，外媒預測 Galaxy S 系列旗艦手機將使用上述技術，三星應最早 2025 年發表搭載三指紋辨識的手機。,,"['指紋', '辨識', '手機', '三星', '技術', '螢幕', '範圍', 'Galaxy', '安全性', '系列', '法國', 'ISORG', 'CEO', 'Dieter', 'May', '採訪', '開發', 'OLED', '指紋解鎖', 'SamMobile', '採用', '3D', 'Sonic', 'Max', '描三個', '誤打誤', '解鎖', '機率', '0.0002%', 'S22', '25', '億倍', '還沒有', '相關', '外媒', '預測', '旗艦', '手機將', '2025', '發表', '搭載', '高通', '大增', '最早', '位置', '接受', '消息', '一次', '正在', '增加', '只有', '如果']"
24,不用點下一頁！桌面版 Google 搜尋「持續捲動」新功能自動跨頁秀結果,以往 Google 搜尋結果會劃分成許多頁面，使用者通常在第一頁就能找到想要的結果，但如果沒有滿意結果的話，就只能點選「下一頁」或「第 2 頁」圖示繼續查找。如今桌面版 Google 搜尋也推出行動版上已有的「持續捲動」功能，使用者不用麻煩地逐頁點選來查找資料，系統會自動跨頁顯示搜尋結果。 但「持續捲動」並非無限捲動，換言之，系統顯示的搜尋結果頁面是有限制的，桌面版 Google 搜尋最多顯示 6 頁結果，行動版最多顯示 4 頁。一旦超過頁面極限，會看到「更多」按鈕，使用者可以點取以查找更進一步的搜尋結果。 當前 Google 搜尋使用者多半都傾向避免進入第二頁，所以網路上就出現一句笑話：「藏匿『屍體』的最佳天堂就在 Google 搜尋結果的第二頁。」對此，Google新功能特別為排名不夠高而無法出現在搜尋結果第一頁的網站提供更好的可視性。 此外，有愈來愈多的用戶抱怨 Google 搜尋結果有品質下降的狀況，Google 為此祭出許多改善之舉，包括致力讓搜尋結果更具可視性。今年 9 月，該公司並推出名為「討論區與論壇」的新功能，該功能能顯示來自 Reddit 社群與 Quoro 線上問答網站的搜尋結果。,,"['搜尋結果', 'Google', '使用者', '結果', '查找', '桌面版', '行動版', '持續', '系統', '搜尋', '出現', '網站', '可視性', '功能', '會劃', '許多頁', '滿意', '點選', '下一頁', '圖示', '繼續', '搜尋也', '麻煩', '逐頁', '點選來', '資料', '自動', '跨頁', '並非', '無限', '換言', '頁面', '超過', '面極限', '按鈕', '點取', '更進', '傾向', '進入', '笑話', '屍體', '對此', '特別', '不夠', '無法', '愈來', '用戶', '有品質', '狀況', '為此', '之舉', '名為', '討論區', '論壇', 'Reddit', 'Quoro', '線上', '問答', '最多', '推出', '第二', '祭出', '第一', '致力', '藏匿', '天堂', '更具', '抱怨', '多半', '分成', '想要', '最佳', '以往', '排名', '更好', '路上', '避免', '一步', '不用', '已有', '限制', '改善', '找到', '一旦', '通常', '一句', '只能', '下降', '如今', '此外', '看到', '提供', '今年', '所以', '如果']"
25,中國清華大學開發臉部感測器，能「讀懂」無聲者說的話,這種柔性、可拉伸設備是以薄彈性體為基底，上面疊兩層碳奈米纖維膜，許多感測器會暫時黏在使用者嘴唇和下巴周圍皮膚。 其中一層膜的奈米纖維是平行排列，具高度敏感特性，即使底層皮膚最小振動也能辨識，但這種排列方式會因大量拉伸造成導電性下降，所以表現不佳；另一層膜的奈米纖維則隨機排列，雖然不像前者敏感，但拉伸到最大極限時也能發揮作用，維持導電性。 中國清華大學概念驗證時，將一些感測器放在受試者臉上，然後連到 Arduino 微型電腦和喇叭。Arduino 透過演算法可從配戴者嘴部運動產生的張力，準確辨識受試者默念的不同字句，再由喇叭合成轉播成聲音。 此外，感測器還能準確測量測試對象臉部表情、眼球運動和脈搏。待技術進一步發展，就能日常使用。 研究首席科學家 Peng Bi 表示，「我們將建立唇語辨識系統的應用場景，改善配戴舒適和便攜度，希望這種設備能成為聲帶受損者的第二張嘴，減輕日常生活負擔。」論文發表於《奈米研究》（Nano Research.）雜誌。,,"['奈米', '辨識', '拉伸', '皮膚', '一層', '導電性', '感測器', '受試者', 'Arduino', '準確', '排列', '喇叭', '敏感', '薄彈', '性體', '兩層', '碳奈米', '纖維膜', '感測', '器會', '暫時', '周圍', '纖維是', '底層', '振動', '會因', '表現', '纖維則', '隨機', '極限時', '發揮', '維持', '中國', '清華大學', '驗證', '臉上', '然後連到', '電腦', '透過', '演算法', '配戴者', '運動產生', '張力', '轉播', '成聲音', '還能', '測量', '對象', '臉部', '運動', '技術進', '發展', '科學家', 'Peng', 'Bi', '我們將', '唇語', '系統', '應用', '場景', '舒適', '攜度', '聲帶', '損者', '張嘴', '減輕', '負擔', '發表', 'Nano', 'Research', '雜誌', '黏在', '嘴部', '配戴', '默念', '柔性', '字句', '使用者', '基底', '研究', '微型', '下巴', '不佳', '日常生活', '眼球', '平行', '嘴唇', '最小', '日常', '合成', '表情', '特性', '首席', '前者', '一步', '高度', '放在', '概念', '改善', '即使', '第二', '希望', '造成', '下降', '大量', '此外', '建立', '作用', '不同', '所以', '一些', '表示']"
26,中國讓步，同意美國商務部檢查長江存儲,"富士康鄭州廠問題至今仍困擾著蘋果，在先前爆發員工逃難、暴動等事件後，高階版 iPhone 14 的生產雖開始逐漸恢復，但仍無法步上正常軌道。 據摩根士丹利分析師 Erik Woodring 的預估，截至 12 月、今年第四季的 iPhone 出貨量將再次下修，而此次下修的幅度約為 300 萬支、至 7,550 萬支。這也將使得蘋果於 12 月的當季營收會比預期的再下修 3%，約為 1,200 億美元。雖然 Woodring 下修了 iPhone 的出貨量預估，但是他仍認為蘋果的目標股價為 175 美元。 不過這已是摩根士丹利第二次下修了 iPhone 的出貨預期，但分析師仍認為截至明年 3 月，iPhone 的總出貨量仍會是 5,650 萬支，這也意味著 iPhone 仍有其市場需求，只是向後遞延了而非直接消失。",,"['iPhone', '下修', '蘋果', '萬支', 'Woodring', '12', '預期', '摩根士丹利', '鄭州廠', '爆發員工', '逃難', '暴動', '高階版', '14', '生產', '逐漸', '無法步', '軌道', 'Erik', '出貨量將', '300', '550', '這也將', '當季營', '收會', '3%', '200', '出貨量', '目標', '股價', '175', '不過', '這已', '出貨', '師仍', '總出', '貨量', '仍會', '650', '這也', '意味著', '遞延', '截至', '富士康', '美元', '第四季', '分析', '先前', '第二次', '消失', '幅度', '至今', '事件', '使得', '正常', '此次', '再次', '需求', '明年', '直接', '只是', '今年', '但是']"
